#!/bin/zsh
mkdir uppercase/

cp Turtwig.png uppercase/
cp Grotle.png uppercase/
cp Torterra.png uppercase/
cp Chimchar.png uppercase/
cp Monferno.png uppercase/
cp Infernape.png uppercase/
cp Piplup.png uppercase/
cp Prinplup.png uppercase/
cp Empoleon.png uppercase/
cp Starly.png uppercase/
cp Staravia.png uppercase/
cp Staraptor.png uppercase/
cp Bidoof.png uppercase/
cp Bibarel.png uppercase/
cp Kricketot.png uppercase/
cp Kricketune.png uppercase/
cp Shinx.png uppercase/
cp Luxio.png uppercase/
cp Luxray.png uppercase/
cp Budew.png uppercase/
cp Roserade.png uppercase/
cp Cranidos.png uppercase/
cp Rampardos.png uppercase/
cp Shieldon.png uppercase/
cp Bastiodon.png uppercase/
cp Burmy.png uppercase/
cp Wormadam.png uppercase/
cp Mothim.png uppercase/
cp Combee.png uppercase/
cp Vespiquen.png uppercase/
cp Pachirisu.png uppercase/
cp Buizel.png uppercase/
cp Floatzel.png uppercase/
cp Cherubi.png uppercase/
cp Cherrim.png uppercase/
cp Shellos.png uppercase/
cp Gastrodon.png uppercase/
cp Ambipom.png uppercase/
cp Drifloon.png uppercase/
cp Drifblim.png uppercase/
cp Buneary.png uppercase/
cp Lopunny.png uppercase/
cp Mismagius.png uppercase/
cp Honchkrow.png uppercase/
cp Glameow.png uppercase/
cp Purugly.png uppercase/
cp Chingling.png uppercase/
cp Stunky.png uppercase/
cp Skuntank.png uppercase/
cp Bronzor.png uppercase/
cp Bronzong.png uppercase/
cp Bonsly.png uppercase/
cp Mime Jr..png uppercase/
cp Happiny.png uppercase/
cp Chatot.png uppercase/
cp Spiritomb.png uppercase/
cp Gible.png uppercase/
cp Gabite.png uppercase/
cp Garchomp.png uppercase/
cp Munchlax.png uppercase/
cp Riolu.png uppercase/
cp Lucario.png uppercase/
cp Hippopotas.png uppercase/
cp Hippowdon.png uppercase/
cp Skorupi.png uppercase/
cp Drapion.png uppercase/
cp Croagunk.png uppercase/
cp Toxicroak.png uppercase/
cp Carnivine.png uppercase/
cp Finneon.png uppercase/
cp Lumineon.png uppercase/
cp Mantyke.png uppercase/
cp Snover.png uppercase/
cp Abomasnow.png uppercase/
cp Weavile.png uppercase/
cp Magnezone.png uppercase/
cp Lickilicky.png uppercase/
cp Rhyperior.png uppercase/
cp Tangrowth.png uppercase/
cp Electivire.png uppercase/
cp Magmortar.png uppercase/
cp Togekiss.png uppercase/
cp Yanmega.png uppercase/
cp Leafeon.png uppercase/
cp Glaceon.png uppercase/
cp Gliscor.png uppercase/
cp Mamoswine.png uppercase/
cp Porygon-Z.png uppercase/
cp Gallade.png uppercase/
cp Probopass.png uppercase/
cp Dusknoir.png uppercase/
cp Froslass.png uppercase/
cp Rotom.png uppercase/
cp Uxie.png uppercase/
cp Mesprit.png uppercase/
cp Azelf.png uppercase/
cp Dialga.png uppercase/
cp Palkia.png uppercase/
cp Heatran.png uppercase/
cp Regigigas.png uppercase/
cp Giratina.png uppercase/
cp Cresselia.png uppercase/
cp Phione.png uppercase/
cp Manaphy.png uppercase/
cp Darkrai.png uppercase/
cp Shaymin.png uppercase/
cp Arceus.png uppercase/

mv Turtwig.png turtwig.png 
mv Grotle.png grotle.png 
mv Torterra.png torterra.png 
mv Chimchar.png chimchar.png 
mv Monferno.png monferno.png 
mv Infernape.png infernape.png 
mv Piplup.png piplup.png 
mv Prinplup.png prinplup.png 
mv Empoleon.png empoleon.png 
mv Starly.png starly.png 
mv Staravia.png staravia.png 
mv Staraptor.png staraptor.png 
mv Bidoof.png bidoof.png 
mv Bibarel.png bibarel.png 
mv Kricketot.png kricketot.png 
mv Kricketune.png kricketune.png 
mv Shinx.png shinx.png 
mv Luxio.png luxio.png 
mv Luxray.png luxray.png 
mv Budew.png budew.png 
mv Roserade.png roserade.png 
mv Cranidos.png cranidos.png 
mv Rampardos.png rampardos.png 
mv Shieldon.png shieldon.png 
mv Bastiodon.png bastiodon.png 
mv Burmy.png burmy.png 
mv Wormadam.png wormadam.png 
mv Mothim.png mothim.png 
mv Combee.png combee.png 
mv Vespiquen.png vespiquen.png 
mv Pachirisu.png pachirisu.png 
mv Buizel.png buizel.png 
mv Floatzel.png floatzel.png 
mv Cherubi.png cherubi.png 
mv Cherrim.png cherrim.png 
mv Shellos.png shellos.png 
mv Gastrodon.png gastrodon.png 
mv Ambipom.png ambipom.png 
mv Drifloon.png drifloon.png 
mv Drifblim.png drifblim.png 
mv Buneary.png buneary.png 
mv Lopunny.png lopunny.png 
mv Mismagius.png mismagius.png 
mv Honchkrow.png honchkrow.png 
mv Glameow.png glameow.png 
mv Purugly.png purugly.png 
mv Chingling.png chingling.png 
mv Stunky.png stunky.png 
mv Skuntank.png skuntank.png 
mv Bronzor.png bronzor.png 
mv Bronzong.png bronzong.png 
mv Bonsly.png bonsly.png 
mv Mime Jr..png mime jr..png 
mv Happiny.png happiny.png 
mv Chatot.png chatot.png 
mv Spiritomb.png spiritomb.png 
mv Gible.png gible.png 
mv Gabite.png gabite.png 
mv Garchomp.png garchomp.png 
mv Munchlax.png munchlax.png 
mv Riolu.png riolu.png 
mv Lucario.png lucario.png 
mv Hippopotas.png hippopotas.png 
mv Hippowdon.png hippowdon.png 
mv Skorupi.png skorupi.png 
mv Drapion.png drapion.png 
mv Croagunk.png croagunk.png 
mv Toxicroak.png toxicroak.png 
mv Carnivine.png carnivine.png 
mv Finneon.png finneon.png 
mv Lumineon.png lumineon.png 
mv Mantyke.png mantyke.png 
mv Snover.png snover.png 
mv Abomasnow.png abomasnow.png 
mv Weavile.png weavile.png 
mv Magnezone.png magnezone.png 
mv Lickilicky.png lickilicky.png 
mv Rhyperior.png rhyperior.png 
mv Tangrowth.png tangrowth.png 
mv Electivire.png electivire.png 
mv Magmortar.png magmortar.png 
mv Togekiss.png togekiss.png 
mv Yanmega.png yanmega.png 
mv Leafeon.png leafeon.png 
mv Glaceon.png glaceon.png 
mv Gliscor.png gliscor.png 
mv Mamoswine.png mamoswine.png 
mv Porygon-Z.png porygon-z.png 
mv Gallade.png gallade.png 
mv Probopass.png probopass.png 
mv Dusknoir.png dusknoir.png 
mv Froslass.png froslass.png 
mv Rotom.png rotom.png 
mv Uxie.png uxie.png 
mv Mesprit.png mesprit.png 
mv Azelf.png azelf.png 
mv Dialga.png dialga.png 
mv Palkia.png palkia.png 
mv Heatran.png heatran.png 
mv Regigigas.png regigigas.png 
mv Giratina.png giratina.png 
mv Cresselia.png cresselia.png 
mv Phione.png phione.png 
mv Manaphy.png manaphy.png 
mv Darkrai.png darkrai.png 
mv Shaymin.png shaymin.png 
mv Arceus.png arceus.png

